{"cameraMode":{"drawMode":0,"name":"Shaded","section":"Shading Mode"},"sceneLighting":false,"audioPlay":false,"sceneViewState":{"showFog":true,"showMaterialUpdate":false,"showSkybox":false,"showFlares":true,"showImageEffects":true,"showParticleSystems":true},"in2DMode":false,"pivot":{"x":-2.4498302936553957,"y":-0.5776183009147644,"z":-0.3741578757762909},"rotation":{"x":-0.11629659682512284,"y":0.7530670166015625,"z":-0.13844923675060273,"w":-0.6326282024383545},"size":2.738751173019409,"orthographic":false}