{"cameraMode":{"drawMode":0,"name":"Shaded","section":"Shading Mode"},"sceneLighting":false,"audioPlay":false,"sceneViewState":{"showFog":true,"showMaterialUpdate":false,"showSkybox":false,"showFlares":true,"showImageEffects":true,"showParticleSystems":true},"in2DMode":false,"pivot":{"x":0.12304458767175675,"y":0.8366528153419495,"z":-0.18285644054412843},"rotation":{"x":0.3175866901874542,"y":-0.3442840874195099,"z":0.12503205239772798,"w":0.8746481537818909},"size":0.41243183612823489,"orthographic":false}